"""",951
光豬,3
六,36
壯士,7
.,13019
噉,2686
𠻺,513
第一,52
時間,73
呢,2682
",",8899
就,1771
仆,1
咗,804
去,749
睇,539
套,52
五點半,5
點解,176
又,883
要,610
日,130
仆去,1
?,2863
因為,340
哩啲,170
都,2149
係,4937
我,2668
期待,1
嘅,1721
戲,37
喇,1582
唔好,78
俾,460
人,718
咁,450
多,319
將,23
口碑,2
傳,6
下,387
嘞,414
講,606
出來,134
驚,105
住,246
亦都,58
恐防,1
有,1296
壞蛋,1
今日,34
哩,274
乜嘢,628
入,46
到,826
時候,111
誒,817
四點,2
零,31
鐘,36
買,306
飛,25
竟然,7
先,250
嗰,416
間,144
戲院,10
唔,1950
大,170
啊,4048
嘉禾,1
港,2
字頭,1
廣東道,1
喀,694
喂,160
但係,758
嗰度,120
嗱,89
○,30
叉開,1
少少,58
對面,3
燒臘,2
舖,14
哦,430
麵線,1
吖,621
嗎,642
唔係,1053
佢,2224
一,1099
隻,214
非常之,7
利害,1
酸辣,3
米線,5
可以,322
配,1
好多,240
嘢,565
得,515
即係,1759
話,895
正常,13
魚蛋,2
牛丸,1
嗰啲,794
甚至乎,10
檔,2
你,2535
鵝脾,1
叉,6
鵝,2
𡃉,1786
豎起,1
十,88
-,1502
直豎,1
拇指,1
冇得,51
基本上,26
所以,217
完,116
之後,95
試,63
幾,637
嗰陣,10
賣,86
兩成,4
位,32
入場,2
七,30
八成,5
其中,17
包括,5
劉,2
青雲,2
喺度,127
洋人,5
真係,579
好,1796
出,111
返,328
晒,232
啲,1299
頭髮,24
未,190
嚹,650
賊,2
噉樣,693
囖,1433
總之,27
仍然,4
個,1445
比,11
普通,16
裏邊,63
怪,8
叫聲,1
party,7
同埋,256
完全,27
識,168
笑,22
佢哋,274
緊要,35
諗,326
一啲,86
所謂,29
俚語,1
來,478
西洋,1
joke,1
就噉,9
字幕,4
譯,24
好笑,9
開心,67
有冇,159
變成,5
港產式,1
例如,15
full,5
monty,7
哩個,342
字,41
已經,185
明,41
原來,70
解,9
剝光豬,2
全裸,5
噉解,1
切合,1
戲名,1
相當,4
普遍,8
譬如,224
我哋,387
過去,16
喺,454
就算,18
英文,44
比較,70
接受,10
美,5
式,6
文化,9
比重,1
過,372
英,16
地道,3
雖然,17
以前,62
英國,22
殖民地,1
以,15
電影,11
計,61
喜劇,4
西片,3
多數,16
荷李活,2
受,5
嗰個,374
幽默,1
或者,173
加拿大,7
讀書,35
化,5
接觸,6
笑話,4
對白,2
中間,10
竅妙,1
邊度,44
爆笑位,1
點樣,100
樣,102
尤其是,11
典故,1
可能,231
會,792
知,568
唯一,5
最,183
檯波,1
足球,3
唧,83
Mr,3
Bean,2
Benny,4
Hill,4
聽,170
重,217
一半,13
度,155
身體,10
語言,9
Mr_Bean,1
好處,11
九成,4
其實,452
快鏡,1
段,20
三成,1
靚女,17
gag,1
衰,38
咪,400
押韻,2
打油詩,1
𠸏,379
收,58
估,26
跟住,311
半,39
隔離,16
老人家,3
打,76
無喇喇,4
糟質,1
嗰陣時,190
興,20
細龜,3
老,26
陰公,4
阿雄仔,1
同,271
一模一樣,5
開始,56
做,610
奇怪,17
地,17
少,62
而,45
低,17
成本,4
能夠,12
今,24
屆,9
奧斯卡,2
四,46
項,2
題名,1
佳,5
影片,3
唔只,4
𠻹,70
歐洲,12
攞,116
獎項,3
今年,30
民意,2
投票,1
喜歡,1
嗯,370
的確,7
創意,8
編劇,2
wise,1
論,1
夠,75
香港,145
喎,916
覺得,623
頻密,4
節奏,1
場合,2
慢,8
小品,2
拍,20
背後,3
意識,3
強,5
Sheffield,1
地方,47
錫周三,1
錫菲聯,1
鋼鐵,2
城,3
工廠,1
爛爛溶溶,1
開場,2
廿五,7
年,179
前,25
城市,13
輝煌,1
當其時,1
cut,5
後,16
爛,13
冇,765
工業,3
班,62
失業,12
男人,11
分別,21
面對,6
自己,304
問題,71
揾,222
錢,172
簡單,10
大家,62
𡁵,110
talking,1
about,1
一萬,12
千,14
蚊,202
港幣,2
需要,34
筆,6
主角,8
迷幻,1
列車,1
鬼佬,4
黃,17
毓民,5
講嘢,12
行,68
連,25
把,8
聲,21
似,18
細細粒粒,1
嘩,238
條,82
線,17
根本,44
阿郎,1
的,8
故事,2
橋,8
仔,60
兩,215
前妻,1
爭,33
撫養權,1
乜,176
工,70
蝕底,1
如果,320
法庭,1
上面,9
輸,9
梗,11
法官,2
判,4
妻子,1
情況,30
同情,1
裏面,14
歲,43
八,31
開頭,19
阿爸,9
戇居,5
事,61
醜,1
慢慢,8
努力,10
件,43
然後,20
認同,2
另外,67
foreman,1
上,75
年紀,8
管工,1
大佬,28
典型,1
幾時,47
呔,1
着,51
西裝,4
乾濕褸,1
敢,18
老婆,10
失,2
業,3
耐,53
不斷,4
用,113
信用咭,1
使,44
經濟,12
危機,6
中年,3
後來,14
加入,4
啱,85
肥仔,7
根本上,3
對,97
恐懼,1
太太,5
之間,11
婚姻,2
理由,33
愛,11
事業,4
黑人,1
鬍鬚,1
阿伯,4
成,151
五十,6
教,48
跳舞,3
跳,25
所有,19
爵士舞,1
只不過,7
骨頭,1
硬,5
起,52
身,10
跌落,2
地下,7
之前,45
拗,3
柴,1
千其,1
拗柴,2
死火,2
只要,10
跣低,2
𨃩低,1
擘,1
一字馬,1
成日,161
企,16
扶,1
靚仔,16
適合,12
種,70
舞,3
骨感,2
肌肉型,1
而且,18
雄偉,1
場,12
目定口呆,1
就係,5
全場,1
至,22
而家,384
封面,2
影,49
幅,2
相,13
面前,6
阿,149
叫做,48
裙腳仔,2
feel,10
阿媽,22
患,1
重病,1
內向,1
邂逅,1
想,231
自殺,4
見,174
幫,90
吓,141
終於,6
成為,5
沿途,5
每個,4
點,306
略,1
港產片,3
質感,1
實,30
感覺,34
共鳴,1
生活,14
寫,61
嗰樣,18
婦權,1
女權,1
當道,1
嗰邊,39
樣樣,4
蓬勃,2
艷舞,9
每,41
寧願,14
鎊,1
入去,22
忽萌奇想,1
後尾,29
各,12
心理,7
障礙,3
衝,3
破,2
不如,40
熄,10
部,63
電視,23
嘍,31
一陣間,7
錄,15
埋,164
Okay,4
頭先,42
Raymond,14
繼續,36
落去,55
張,103
少華,6
食飯,31
咩,272
問,148
poster,2
啫,246
港姐,3
鍾意,144
邊個,126
翁,3
嘉穗,1
二,14
第二,48
名,30
冠軍,5
and,7
亞軍,2
李,30
明惠,2
會計師,1
選,1
開會,8
呀,402
好似,316
EO,10
入面,1
department,11
細,49
出去,34
handle,1
快撈,1
搞,95
十一月,1
滅罪,1
禁毒,1
委員會,1
嘉年華會,1
Jenny,3
除咗,17
ALO,2
之外,13
offer,2
呃,55
Lily,21
照,14
常理,1
應該,175
quit,1
份,91
咦,92
!,296
醒,14
好揾,6
兩萬,2
月,78
老細,25
十三萬,1
District,1
Officer,1
DO,2
類似,9
咁上下,6
政務處,1
入邊,22
音,8
叫,111
提議,3
郭,21
富城,19
啋,2
梗係,104
即刻,44
哄,1
OK,18
易,13
請,71
四大天王,1
風雲,1
嘿,31
廿,25
周圍,20
葵芳,2
運動場,1
地鐵站,4
露天,1
人造,1
足,2
草地,1
足球場,1
方便,15
到時,11
lecturer,4
梁,6
詠琪,5
溫柔,2
歌,19
高,63
關,17
high,2
算,80
一係,45
踢波,4
碧咸,6
山度士,5
射,4
波,8
屋企,78
好彩,18
咋,142
南華,4
踢,8
曼聯,7
鮓,8
死,126
撩,4
搞錯,15
嘔電,1
艾爾頓,24
,228
訂,23
Chase,3
Citibank,2
定,81
贊助,1
決裂,2
上次,24
打電話,16
日本,42
實情,1
得罪,15
詳情,2
詳細,3
詳,1
邊,111
call,22
盡快,1
覆,21
禮拜,41
出聲,9
手信,2
咦咿哦哦,1
語,1
語氣,2
斬釘截鐵,1
最近,25
殺氣,4
唔使,118
唔好意思,7
乜鬼,8
意思,27
啞,4
兜,4
特別,43
句,16
㗎,54
清楚,19
雙向,1
讀,178
語文,1
說話,5
直接,5
,33
究竟,22
家姐,14
Carol,1
自從,6
嗰次,8
態度,10
conflict,4
傻,21
揀,45
阿木,13
親,18
不過,201
人哋,85
壓,1
價,16
聽聞,3
in,12
中學,9
私校,5
一齊,50
聖瑪嘉烈,1
GM,7
graduate,1
master,5
年班,2
condition,1
CM,8
幾多,88
四千,6
萬五,2
左右,2
萬七,3
萬六,1
percent,4
當,37
一萬九千幾,2
減,14
一萬五千幾,1
選擇,8
Marketing,5
assistant,3
係唔係,17
準備,11
學校,48
個個,32
教書,23
小學,27
屯門,14
掂,40
難,65
send,3
信,59
有啲,94
同學,92
一百,25
封,14
反應,9
人工,31
一樣,36
早,34
抵,27
起碼,26
小學生,1
總,5
升,24
遲,20
bargain,1
一輪,1
轉,27
遲啲,14
理論上,5
惡劣,4
講真,25
離,3
咯,22
關係,12
三,97
冷落,1
下年,10
投,4
利物浦,2
支持,4
三𠻺幾,1
球場,1
贏,8
球,1
好嘢,5
爭啲,6
一早,4
入波,1
擺明,1
讓,10
肯定,24
簡東拿,1
走,62
一路,27
讓出,1
位置,5
舒靈咸,5
恩斯,4
廢,13
正一,1
費格遜,1
離晒譜,1
表現,7
嚿,8
垃圾,4
隊,16
號,23
波衫,3
國腳,3
改為,1
冇錯,14
不嬲,14
舊年,12
英格蘭,3
史高斯,1
唔記得,49
國家,13
十七,7
McManaman,1
咓,11
唉,97
改,25
麥馬拿文,1
出年,2
法國,9
一視同仁,2
女,24
唔同,55
正所謂,1
女大不中留,1
潑,2
水,24
世界杯,2
留,17
全部,37
比賽,5
酒店,13
轉播,2
溶,4
初賽,1
鼠,1
返來,78
淨係,63
決賽,2
跟,31
團,14
秘密,4
老豆,12
北京,8
體委,1
大陸,42
中國,18
決賽週,1
關事,2
辦法,24
明顯,8
德國,9
巴西,8
悶,31
捧,7
次,132
學,51
本來,12
早輪,2
杯,20
美洲,1
實在,9
太,61
勁,28
正,48
朗拿度,6
老掏古,2
淘古井,4
煲老藕,2
丹尼遜,2
超級,1
新星,1
將來,15
中場,1
靈魂,1
新人,2
靚,83
好波,3
李安納度,2
白色,7
腳法,3
覺,25
只有,1
原因,13
球星,1
球員,1
奇連士文,2
三𠻺,1
等陣間,1
老爺,4
等等,7
等,46
旅行,42
換,33
乾淨,9
魚缸,3
污糟,7
工人,5
魚,67
金魚缸,4
辛苦,53
鬼,64
養,118
細路哥,2
幾十,9
好玩,24
放,46
舒服,17
心理學,1
家,4
寫字樓,1
商業,6
社會,22
辦工室,1
風水,1
員工,4
缸,13
relax,4
緊張,8
回歸,9
大自然,2
專心,3
有陣時,18
休息,1
望,29
真,21
專登,3
報紙,14
外國,20
市儈,1
你哋,103
舊陣時,3
養魚,1
裝,6
拎,15
膠袋,1
袋,26
氧氣,4
五幾年,1
六幾年,2
魚舖,1
罐頭,4
嘜,2
咧,1
開,112
剩,9
空罐,1
細細,1
金魚,2
黑魔利,1
紅劍,1
細個,32
喔,1
係咪,11
火車站,4
旺角,9
啩,22
貴,96
知道,55
幾千,4
做生意,1
奇形怪狀,1
朝朝,3
佈置,1
水底,1
水草,13
石,4
打理,1
ei3,21
整,57
哎吔,71
哎,36
七彩神仙,3
睇見,2
書,53
生仔,3
終歸,1
記得,29
包,17
生,39
養大,1
搦,4
竇,4
幾百,9
業餘,2
窿路,1
先至,35
𠿪,13
麻煩,20
送,16
幾廿,5
發,9
五千,2
乜野,3
龍,1
龍吐珠,8
犀利,47
貪,2
長命,1
粗,3
第二啲,6
錦鯉,10
生命,5
長,26
十幾,8
日本人,3
池,2
魚池,2
上邊,27
花,10
撈,6
口,11
好鬼,1
擺,23
咬,16
食,187
溝,1
殘忍,2
寵物,8
樂趣,9
餵,3
湊,2
BB,8
飽,5
嗰時,24
滿足感,2
運,5
入來,11
台灣,9
度度,3
樹林,1
山水畫,1
間中,1
游來游去,1
仙境,1
光,3
燈,1
青,2
青苔,1
顏色,1
狗,30
貓,8
污糟邋遢,1
冇份,1
掉,5
通度,1
嘥,13
怕,7
餓,1
漚,3
水質,1
變,79
嫌,4
理,26
陶冶,1
性情,2
清靜,1
環境,16
由,32
領略,1
走去,23
㧬,3
支,11
棍,3
啄,9
擁開,1
保護,2
病,8
抽筋,1
心臟病,2
突然間,13
揦,6
噉樣樣,12
醫生,14
醫,9
藥,9
係噉先,2
拜拜,9
從來,8
分,45
導演,3
藝術家,4
三流,3
入行,2
原本,19
崇高,1
偉大,2
理想,3
力有不逮,1
於是,7
轉而,1
普羅大眾,1
退而求其次,1
刻意,2
複雜,6
諗法,10
點知,15
聰明,1
抉擇,1
創作,10
咁滯,9
一定,85
還,12
更加,32
難受,1
認真,5
壓力,7
藝術,2
媒界,1
原創,1
性,5
媒,1
工作,25
者,2
向,4
市民,5
負責,5
唔怪得知,2
成功,8
come,2
back,2
再,93
中興,1
媒體,1
弱,3
趨勢,2
有得,38
心血,1
扯,3
手,27
等於,8
錯,43
路,12
觀眾,7
坐,36
predict,2
真情,2
類型,7
師奶,3
闔府統請,1
range,1
format,2
對於,22
亞視,15
耐唔時,1
實質上,4
管理層,1
製作,5
相當之,5
自把自為,1
性格,11
滿足,2
同事,24
度橋,4
做嘢,24
珍惜,2
得到,14
個人,3
推進,1
差唔多,49
極,5
去到,23
盡,6
作為,13
市場,10
內地,3
沿海,1
清晰,2
放棄,7
捱,11
另一個,3
順德,1
歡迎,3
溝通,5
策略,1
接客,1
直程,38
範疇,1
for,5
哩樣,62
合法,1
廣告,8
禮拜四,3
將會,3
宣傳,4
,9
價值,9
香,5
口味,3
照顧,6
通,9
老闆,20
勿,1
搏,3
請問,1
純粹,8
好奇,1
立心不良,1
倒閉,3
電視台,6
牌,13
Richard,1
電台,1
專利,1
支撐,1
政府,17
牌費,7
法,12
外間,1
差,27
自,1
惻隱之心,1
公專,1
快樂,2
壞,13
,2
屋村,4
本身,24
小康,1
中產,1
居住,1
小朋友,3
玩,128
諸如此類,1
雜,2
發覺,20
走廊,2
伏喱喱,1
不,6
呵,29
形象,3
處理,4
反而,23
殺,7
雞,7
事件,3
搬,18
焗,10
台,5
危機重重,1
某程度上,1
安穩,1
逆境起枕,1
某程度,1
傳媒,6
公平,5
TVB,13
同等,1
長江實業,1
小,5
規模,4
地產,4
公司,93
生存,1
困難,4
倍,13
建築物,2
宏偉,1
爛身爛世,1
待,1
穩定,6
中層,6
重要,9
變遷,1
固然,2
永遠,14
無線,3
探討,1
女性,12
方面,30
返工,36
放工,3
出邊,15
中,28
高層,3
姿彩,1
ball,1
慈善,1
餐,10
自閉,1
虛名,1
相對,3
其他,54
行業,6
更,6
越來越,14
幼稚,3
做做,1
越做越,1
老人精,1
?幾,1
收埋,9
拖鞋,1
夜晚,10
偷,5
麵,1
困,2
圈子,2
無中生有,3
無聊,25
劃,2
塊,17
面,11
吼,1
瞓,16
冚唪唥,7
出現,16
訪問,3
尾,13
多謝,16
余,3
永姍,3
女士,1
題,7
今時今日,2
維持,3
童心,1
公關,2
image,2
傳說,2
邱生,1
時代,5
廁紙,1
逐,6
格,4
令到,9
澄清,2
姑勿論,1
希望,27
所,10
愜意,1
不論,1
節目,8
哩度,32
生命力,1
發揮,3
空間,1
本地,4
電子,20
越,20
制度,9
推行,1
抄,3
然之後,41
Sandy,1
機會,20
傾,35
Miss,9
Lam,1
聽講,20
堂,8
喊,11
學生,32
傾偈,13
口罩,9
戴,9
殺一警百,1
安靜,2
上堂,10
多嘴,1
左,7
右,3
暈,1
笠,4
上去,18
瘀,1
嬲,5
抌,3
落,48
發脾氣,1
門口,4
過程,9
之中,5
唔忿氣,1
解釋,16
明白,7
激動,2
嗰日,20
帶,56
小息,4
班長,1
上來,15
房,11
乖,10
道歉,4
先生,21
激嬲,1
老師,4
供,3
邊啲,11
細路仔,3
有時,51
控制,9
原諒,1
好轉,1
依然,3
間歇性,1
對待,2
行為,5
衝動,1
全班,4
激,3
隔,5
日子,9
忘記,1
重蹈覆轍,2
曳,6
近排,5
退,5
退學,3
鐘意,7
家長,7
太過,7
管,3
過頭,2
午,1
晚,16
朝頭早,11
早餐,9
午餐,1
嘢食,1
來到,8
唔單止,3
情形,3
關注,1
空氣,3
流通,1
打開,3
窗,2
嘅話,38
風扇,1
課室,2
冷氣機,1
爸爸,4
媽媽,2
投訴,1
告,3
烏蠅,6
飛過,1
騷擾,4
中文,14
默書,6
合格,9
當然,19
鬧,7
溫習,1
默,3
收尾,2
某,11
成功感,1
成績,14
測驗,9
獎勵,3
學期,3
禮物,9
考試,31
獎,3
為咗,14
目標,3
科,52
方法,20
人名,3
表,4
黏,10
貼紙,2
側邊,2
儲,37
五,38
苦樂參半,1
識得,6
平衡,2
喜怒哀樂,1
神聖,1
贊同,1
講法,4
衝破,1
特點,1
challenge,1
go,1
今次,17
除,3
出位,1
赤裸裸,1
排,19
九唔搭八,1
專業,7
拍法,1
猛龍,1
江,4
小龍,1
腰馬合一,1
起腳,2
打交,2
廁所,3
排練,1
一陣,6
停,16
台下,2
五百,2
興奮,1
冇得頂,3
甩皮甩骨,4
身邊,4
是,6
八兩金,4
達明,8
建仁,1
谷,4
德超,2
田,1
啟民,1
力恃,2
突,2
點算,13
監製,4
齊,17
三百五十萬,3
美金,2
三百,4
二百,9
萬,9
港紙,1
禽流感,4
雞販,3
酒樓,2
結業,1
豬肉,1
佬,2
斬,4
叉燒,1
經紀,1
睇樓,1
目露兇光,1
甜筒輝,1
阿輝,1
有錢,15
揸,24
金鏈,1
一生,1
積蓄,1
股票,11
裏便,2
逼,6
重疊,1
加,27
新移民,2
啱啱,40
充滿,1
憧憬,1
槍,1
打劫,1
背景,2
心郁郁,1
好睇,37
提名,2
帶出,1
氣息,1
有趣,7
男性,4
主導,2
轉移,2
男士,1
多多少少,1
另,11
構成,1
陷於,3
困境,3
之下,5
突破,3
救贖,1
靠,8
批,5
輩,2
腳,19
四十,11
吋,1
腳瓜瓤,1
豹皮,1
褲,1
渡過,3
從而,5
獲得,1
掌聲,1
因果,1
分割,1
兩性,1
地位,1
逆轉,2
以及,1
到底,9
話事,1
掌管,1
topic,1
男,8
荒謬,4
處境,2
練,2
遠,34
天,2
英雄,1
衣錦還鄉,1
通常,51
hero,1
無端端,11
柴臺,1
顧,1
強項,2
劇情,8
自圓其說,1
皮帽,1
最尾,3
G-string,2
主要,15
愛來,3
攝,1
Full,6
鎮,1
街,18
街坊,2
捧場,1
即,116
演員,4
係嘢,2
克服,2
推介,1
crew,1
無厘頭,1
洗,26
catering,1
truck,1
供會,1
資源,2
尤其,2
效法,1
新,52
計仔,2
突出,3
lead,1
代入,1
演繹,1
實淨,1
好多時,4
擠眉弄眼,1
誇,2
笑料,2
掹,6
皮帶,1
fek6,1
儘管,1
主題,4
淡,6
滲,1
淡淡,1
無奈,2
低迷,1
主管,1
決心,1
剝,11
衫,18
自己人,2
唔錯,6
攞命,2
頭,36
尊嚴,3
販賣,1
悲,2
包袱,2
重生,1
放低,3
睇法,2
老公,16
硬係,10
日日,10
肯,14
介紹,28
臨時,3
煮飯,1
困局,1
出路,2
相撲,1
少年,1
談談情,1
跳跳舞,1
類,7
人性,1
振奮,3
下下,9
鐵達尼,1
收得,1
腦,4
idea,1
無論,2
票房,1
創作人,1
共勉之,1
推薦,5
因應,2
財政,2
能力,18
決定,11
本,77
字典,33
用途,5
漢英,1
商務,3
啡色,8
查,20
起上來,1
根據,5
字母,1
排列,1
快,83
正如,1
不足,4
之,8
處,3
深,13
名詞,4
用語,1
考慮,23
新近,2
手頭上,2
漢,11
辭典,19
內容,5
充實,1
比起,10
辭條,1
頗,2
術語,1
上海,2
交通大學,1
出版社,1
出版,8
年期,2
值得,5
託,1
朋友,31
平,61
Year,7
Two,2
二百幾,4
翻譯,11
返去,20
深圳,4
九十幾,3
相差,4
書局,3
逛,3
工具書,3
昂貴,2
幾乎,5
以上,2
甚至,3
超過,1
關於,11
佛教,3
專科,3
一千四百,1
冊,6
落來,9
郵費,1
只係,19
四百,3
得閒,21
不妨,5
Comprehensive,1
Grammar,1
四十幾,3
course,5
Syntax,1
參考,3
千幾,2
書名,1
Mike,1
grammar,4
English,5
科目,2
參考書,1
慶幸,1
慳,9
幫助,3
盡量,8
利用,3
書城,1
之類,6
書籍,1
教科書,1
聽電話,2
一零四,1
唔該,6
科技,5
發達,7
光碟,9
電腦,30
上年,12
遠東,2
定係,15
查索,2
邊樣,3
途徑,1
磁碟,1
薄,2
隨身,1
攜帶,5
發聲,1
功能,3
發音,4
標準,2
人仕,1
native,1
speaker,1
讀音,1
非常,5
快譯通,2
牌子,14
准,4
試場,1
快速,2
深入,2
例子,5
作用,2
認識,2
篇,3
文章,5
正式,2
文體,2
抑或,8
casual,2
日常,1
應用,2
似乎,7
有關,7
資料,9
始終,16
局限,1
經過,8
思考,1
譯者,1
程序,2
同意,1
工具,1
娓娓道來,1
職業女性,1
機構,2
點點滴滴,1
先前,1
關口,1
晒冷,1
鋪,2
執包袱,1
最後,25
經歷,5
睇真Ｄ,4
卒之,3
當時,9
回,2
信心,42
大姐明,2
team,5
staff,2
心願,4
稍為,2
淚眼盈眶,1
反攻,1
些少,7
曙光,1
處於,1
狀態,1
平穩,1
哈,2
明天,1
心境,1
遐想,1
總算,1
交代,4
十五,12
二十,14
嘥氣,2
收視,1
除非,6
慘,45
低處,1
一億,1
不濟,1
每次,4
轉頭,5
上層,1
亂,14
規律,3
美學,1
掌握,3
第二個,1
相信,13
以來,5
蕎英,3
沛權,1
李生,4
當年,1
顧問,1
受寵若驚,1
趕走,1
啝,8
心裏,1
戚戚然,1
戥,3
老朋友,1
上司,1
危險,3
製作人,2
範,2
星期一,5
甩,11
waiting,1
小心,10
步步為營,1
令,6
停步,1
原地踏步,1
揞,1
眼,9
閂,5
門,10
鎖,4
閘,1
麻雀,5
緊,3
每樣,1
局外人,1
殺着,1
任,6
一招,1
未必,27
出街,7
殘,4
招,4
新上海灘,2
新新上海灘,1
上海風雲,1
秋官,1
嗰陣時候,1
數,16
包裝,1
力,6
圍,7
次次,6
噓,2
吔,5
撳,17
阿二,1
慣,10
哲學,1
直情,5
武俠,1
對拳,1
花招,1
拳,2
痛,10
為止,1
疏,1
郁,9
機動,1
打游擊,3
聽日,15
打仗,2
有排,3
無敵,3
好事,2
絕對,6
階段,3
習慣,4
耐力,2
鬥,3
德華,1
artist,3
信念,1
搞笑,28
自我,2
安慰,1
釋然,1
六百,2
藝員,1
折墮,1
調轉,5
志偉,1
game,7
show,4
掌門人,1
流口水,2
乜水,1
答,13
條件,1
自愧不如,1
刻,1
水準,1
建樹,1
upmanship,1
夢想,3
做到,1
so,1
far,1
狂,1
劇集,1
人際關係,2
窮,3
有型,5
步,8
三國誌,1
將軍,1
好打,1
刀,3
劈,1
手下,3
領導人,1
,1
唓,18
人士,8
發生,8
女人,10
缺點,6
提醒,3
錫,7
叻,21
以為,41
男仔,14
賺錢,3
表露,1
𢱕,1
少女,1
今朝,5
參觀,4
貨櫃,10
碼頭,11
幾點鐘,2
出發,3
約,5
九點半,8
荔景,7
葵涌,2
近,20
分鐘,25
九點十,1
浩賢,3
機電工程處,1
Peter,1
肥豪,4
認得,4
肥,32
高大,1
大隻,7
大件件,1
Gary,5
四眼,1
白白淨淨,2
哋,11
港大,1
扮,10
連埋,1
唏,1
缺少,1
南哥,1
走入,1
領隊,2
幻燈片,2
video,6
躉,4
office,8
迾,1
MTL,5
現代貨商碼頭有限公司,1
HIT,1
Sealand,1
一九,1
事關,3
播,11
MMC,1
Mechanical,1
Marine,1
Chemical,1
division,4
technical,6
Safety,12
Service,1
Group,14
Specialist,4
SSG,3
咿,1
蛇蛇豬,2
安全,9
顧名思義,1
架構,4
輪,4
廢話,2
control,4
centre,4
鳥瞰,1
頂樓,1
trip,4
貨,12
好心,2
猛咁,5
係噉,23
讕,5
厭,2
十點鐘,1
十二點,4
完結,1
生性,1
獨立,2
Accident,1
investigation,1
友仔,4
吹水唔抹嘴,2
離譜,4
聽嘢,1
overall,1
直至到,1
十二點鐘,2
電話,73
叫住,1
幾可,3
塞車,1
和記,5
三百九十,2
一六八,3
飛線,3
秘書台,6
五百五十八,5
繁忙,2
非,1
四百九十,1
call機,9
甘,3
台費,2
服務,16
五百五,1
二百一十六,1
One2Free,1
簽,3
幾耐,11
死約,2
生約,2
平時,24
放假,17
手提,6
廠,18
只,15
一百六十八,1
網絡,2
GSM,4
Spec,1
signal,3
modellation,1
PCS,1
personal,1
single,1
System,2
下次,5
興趣,18
話時話,15
友,5
present,1
network,2
熟,14
唔怪得,1
職業,1
健康,5
問答,1
組,2
分分鐘,4
代表,5
出賽,1
第時,10
符符碌碌,2
Gordon,4
叔叔,1
GT,2
Graduate,2
Trainee,2
見習,1
工程師,1
就快,2
八月,22
MSC,6
記,11
貪慕虛榮,1
巴閉,4
畢業,12
徐,7
展堂,5
真人,1
城巴,3
軍火,1
haai2,2
北海集團,1
部份,9
北海,4
屬下,1
分公司,1
嘉誠,2
埋來,2
阿澤鉅,3
國傑,1
飲茶,7
高級,5
微服出巡,1
別墅,1
外面,1
花園,1
沖,8
直頭,12
廚師,3
咖啡,19
香蕉,2
月入,3
幾萬,5
年薪,4
三十萬,4
二十九萬,1
trainee,4
奀,2
費事,11
陣間,3
講出,2
無謂,6
區,5
文員,2
admin,4
Assistant,3
Admin,4
拃,9
personnel,2
Personnel,1
accounting,1
行政,2
document,1
清,3
吓吓,2
title,2
天使,2
呼喚,2
響,4
錄音,7
暑假,17
搭,27
車,47
搭去,1
荃灣,5
巴士,11
全科,1
對上,3
琴日,13
前日,1
阿艾爾頓,2
收工,4
六點,6
邪,7
架,29
駛,1
燒賣仔,1
銅鑼灣,3
join,3
攤唞,1
六點半,1
七點,8
expect,5
週,1
連續,3
雪碧,4
鳳爪,1
男朋友,6
三十九,1
露臍裝,1
難頂,4
透明,3
粒,21
碼子,2
彈,5
肚臍,2
人場,1
彎,1
人牆,1
射中,1
核突,10
袖,1
背心,1
剃,2
毛,13
得人驚,5
要求,22
但求,1
女仔,32
差不多,1
爭在,2
合眼緣,3
乞人憎,2
串,2
ei1,13
engineering,2
秘書,7
engin,3
阿head,1
AGM,3
Engineering,1
partition,1
repeat,3
one,7
more,1
time,1
main,1
point,4
公認,1
暫時,13
十九,4
冇嘢,1
來𡁵頭,1
肥屍大隻,2
fat,2
橫,1
肉,11
大大隻隻,1
身為人母,1
留意,7
Operation,1
附近,8
固定,1
散拖,1
N,1
愛滋病,1
唔通,14
特登,7
𠝹手,5
講起,1
肚餓,2
麥當勞,3
食嘢,3
尖沙嘴,3
天星,1
好眉好貌,1
見到,2
膠布,2
後面,4
笪,9
疤痕,3
一條條,2
心臟,1
物體,2
恐怖,6
埋去,1
少嫺,1
阿雪碧,1
千奇百怪,1
阿香蕉,1
影響,12
注意力,1
偏,1
搞法,1
間唔中,9
底,20
九月,10
camp,7
事宜,1
既然,1
隨時,5
夠膽,4
機票,8
載,5
俾錢,1
廿八號,3
至到,6
三十,20
師兄,2
假,17
泰國,2
團費,1
三千,15
銀,4
阿K仔,1
霸位,2
十點,4
跑,22
廿九,3
寸,7
腰,5
扎醒,1
八點,1
Columbia,1
妹,8
有領,1
T恤,1
U,21
Polo,4
憎,11
Esprit,3
事緣,1
交惡,4
和好如初,1
初,3
數字,7
攀升,1
時勢,3
過往,3
提到,1
基層,2
下層,1
中位,1
收入,1
中產人士,1
九八年,1
登記,4
職位,4
二月,3
個案,3
引伸,1
意料之外,2
當事人,1
晉升,2
䟴䟴腳,1
舉例,5
早排,5
航空,3
裁員,1
管理,2
人員,2
一來,5
年資,3
實質,3
崗位,1
工作量,1
分擔,3
按,1
比例,4
累積,3
目前,3
quali,2
大學,16
證書,4
文憑,2
擗,1
突然,5
斷,2
纜,1
斷纜,1
求職,2
推薦書,2
履歷,1
唔見,8
黃生,1
可,17
執,4
轉職,1
競爭率,1
referee,1
班主任,1
問米,1
比較上,3
大學生,4
不停,5
揾工,14
難搞,1
回流,1
人心惶惶,3
好景,9
全球性,1
稅制,1
抽稅,1
抽,5
華人,2
物業,1
全球,1
報稅,2
報,19
商業稅,1
忽然,4
多倫多,1
生意,20
惡做,2
估計,1
申請,11
聯合,1
商鋪,2
西人,1
鋪頭,2
業內,2
減稅,1
餐館,3
執笠,1
稅收,2
租金,3
為皮,1
物業稅,2
交,23
十三萬四千,1
加幣,1
弊,4
呢度,1
同樣,4
皮費,1
調,4
市,6
難關,2
外來,1
嗌,16
救命,3
劇烈,2
競爭,5
消費,2
疲弱,1
底下,2
東主,1
嚴冬,1
春天,1
無助,1
移民,3
藝人,1
世界,6
忽然間,5
封屋,1
嘟嘟姐,1
稅,1
捉,8
大鑊,6
來自,3
管理人員,1
營運,1
削減,1
開支,1
薪酬,1
失業大軍,1
一份子,1
檢討,2
存在,1
奇,7
一路以來,1
職員,2
奉獻,1
青春,1
經理,2
主任,4
計正,1
人情味,1
老臣子,1
江山,1
冇功都有勞,1
盤,6
外邊,1
各樣,1
現實,3
對唔住,7
輝虹,3
一力承擔,1
唔覺意,2
取替,1
人情還人情,1
決策人,1
難做,1
銀行,9
人情,5
買家,1
賣家,1
競爭力,5
縮皮,1
面臨,2
崩潰,1
傳統,2
滑落,3
帶來,1
沖擊,1
高科技,1
人手,6
由於,1
透過,7
通訊,1
資訊,2
硬件,1
來𡁵,1
世,2
打工,1
總言之,6
散,4
接,11
job,2
靈活,3
萬一,1
野心,1
付出,1
穩穩陣陣,1
犯錯,1
福利,8
享有,1
醫療,1
保險,3
公積金,1
安全感,3
咬實牙根,1
老老實實,1
休,1
退休金,1
發展,12
家庭,6
be,1
prepare,3
multi-focus,1
同時間,2
Multi-tasking,1
計數,6
quality,1
質量,1
傾生意,1
專注,3
精神,3
傾計,4
口啞啞,1
精英,1
聚集,3
解體,1
Paul,6
programme,6
之內,4
搞掂,6
安裝,1
設計,3
系統,5
本行,1
思想,2
調節,2
教訓,2
啪,3
安定,1
繁榮,1
投入,2
必然性,1
老奉,12
樓價,1
長糧,1
搦走,1
弊傢伙,3
六十年代,1
股市,3
跌,19
大字,1
危機感,1
夾份,1
舞台劇,1
雞仔數,1
享受,2
吳,1
鎮宇,1
運作,3
唱片,5
一手一腳,1
專門,2
阿榮,3
依賴,2
十項全能,1
各施其職,1
小組,1
形式,6
夾,11
增加,4
下調,1
弱肉強食,1
動物,1
屹立不倒,1
創出,1
番,4
第日,9
挑戰,1
自傳,2
版,32
淡市,1
企起身,1
頁,3
毫子,13
寄,23
快快脆脆,1
個八,13
短,27
郵票,28
升值,1
癲,3
扱,2
印,8
心痛,1
哩排,5
靜,6
女皇,10
收集,2
起來,2
趁,1
炒,28
個半,5
早嗰輪,1
收購,4
千一,2
郵局,3
是但,8
唔為意,1
集郵簿,1
女皇頭,1
值錢,4
為,11
一百五十,1
原價,1
千二,3
鍾,6
身上,3
英女皇,3
拼,1
款,10
舊,21
小全章,9
大量,1
龍船,3
排隊,7
首日封,6
以內,3
最多,8
鐘頭,16
心機,4
以後,8
揭,3
保值,1
摺,5
任何,10
損毀,2
飯,17
銀仔,2
斗令,2
拎去,1
早嗰排,1
發現,14
摷,3
coins,1
七幾年,1
六幾,3
七幾,1
餸,3
樓下,8
煙,3
菜,3
斤,1
印象,2
年份,10
臨,3
keep,3
留念,1
保存,1
人氣,1
手氣,1
紙,11
價錢,13
求其,4
年代,3
漏,1
唔止,3
毫,1
前嗰排,7
直版,2
順序,1
霖把,3
千祈,5
媽咪,6
唱,12
利是,1
前兩年,2
一次過,9
預,9
派,3
值,9
削,18
飲,98
朝早,5
奶茶,25
煲,7
哈哈,1
歎,2
的話,1
九點,4
九點鐘,3
八點半鐘,1
頭痛,6
癮,2
心癮,3
代糖,2
正常人,1
...,20
一般,16
平日,1
紀錄,1
但,31
茶,7
濃,2
得滯,8
奶,4
好飲,7
醇,1
刨,6
馬,9
話題,4
跑馬,4
,1
黐線,19
檸茶,3
削胃,1
檸檬,1
維他,3
紙包,1
大棑檔,1
代替,1
酸,2
檸檬茶,3
胃痛,2
現成,1
冇事,6
胃,3
鹼性,2
塞,2
骨,3
抵死,3
姿勢,1
狗肉,1
衰人,1
頭暈,1
買返,1
遲到,3
準時,2
凍,33
冬天,11
鄭,3
瑜,1
第,3
彈性,1
上班,1
熱天,5
熱,17
攤,2
反正,1
隔夜,1
雪,4
雪櫃,1
朝,6
苦,2
杰,1
入口,3
夏天,6
快脆,1
soek4,1
soek2,1
嘔,12
反胃,1
掯,3
專係,2
屋,10
檀島,2
灣仔,2
UCC,2
Matino,2
茶壺,1
大丸,1
飛機,13
Blue,4
Mountain,4
倒,3
咖啡包,1
咖啡豆,1
肉桂,1
Cappuccino,1
發炎,6
逢,5
味,12
鴛鴦,3
陣,2
撞,12
全,3
黑啡,1
飛砂走奶,1
齋啡,2
醒神,1
提神,1
考,102
會考,9
試過,5
心,9
卜,2
檸啡,1
開夜車,1
天昏地暗,2
七點鐘,6
二十四,1
小時,2
真真正正,1
care,2
哩一樣,1
噏,11
文學史,1
死人,1
背,3
離開,4
Maths,6
每人,1
機,62
限定,2
programming,1
basic,6
精靈,1
formula,2
用到,1
A,48
B,19
C,9
Oral,14
八二年,1
八六年,3
八六,2
八二,1
八三,1
八四,1
八四年,1
譜,2
毛巾,2
Listening,5
氈,3
床,1
冷氣被,2
佔,6
得意,22
冚,5
羽,1
被,5
羽絨,2
單人,5
雙人,1
暖,1
廣大,2
貫中,1
fans,7
Beyond,1
行情,1
短期,1
內,1
無字頭,2
四月,2
五月,7
校園,4
巡迴,1
演出,5
招呼,4
豬朋,1
朋狗友,1
囉,2
歌手,5
熱衷,1
live,1
譬如話,1
陳,29
昇,1
阿小鳳,1
巡徊,2
群情,1
洶湧,2
奔放,1
熱情,2
活動,4
據講,1
見識,5
指教,2
人數,2
一千幾百,1
氣氛,3
校長,9
震,8
喱,1
○頭,2
充,1
充電,1
假期,4
二來,4
順便,1
抖,2
倫敦,11
曼撤斯特,5
遺憾,1
停留,1
夜,11
流行,5
音樂,9
搖滾,2
年青人,4
發源地,1
曼城之音,1
Manchester's,1
Sound,1
成立,1
稱得上,1
重鎮,1
旅遊,8
名勝,1
買嘢,4
Manchester,3
古舊,1
BeeGees,1
年齡,8
後生,4
養老,2
曼,1
地區,2
定居,1
郊外,1
平均,3
wei1,1
耳窿,1
熱門,2
巷,1
後生仔,3
社區,1
中心,5
梅窩,1
老點,1
火車,4
countryside,1
景色,1
孭,6
結他,1
講笑,5
順風,1
fax,3
concert,1
再見,1
nice,1
fresh,1
grad,1
孤獨,1
差唔,2
唯獨是,1
滿意,3
打鐘,2
層,3
電芯,12
rubber,2
keypad,2
remote,1
掣,9
大部份,7
三分二,2
三分一,3
Golden,2
Power,2
代理,2
凡係,1
AM,2
長途電話,3
reception,3
駁,3
隨便,2
私底下,1
搞嘢,2
total,2
七十幾,1
樓,2
單位,6
十八,3
貨倉,2
研究,10
研究室,1
長期,2
settle,1
down,4
實際,2
適,1
marketing,4
主動,2
吸納,3
經驗,11
及,1
痴線,5
拍馬都拍唔上,1
research,1
拼音,2
translation,2
Translation,2
形容,4
揾錢,4
印尼,6
搭車,7
揾笨,4
十一,11
時差,1
第三,2
九,17
第五,1
起身,24
星期,5
十零,2
東京,1
迪士尼,6
淺草,1
大阪,1
,2
新鮮,1
達到,1
目的,4
阿餅,5
正正式式,1
Form,17
seven,4
A-level,5
榜,3
借,25
阿姨,2
浸,5
溫泉,1
天幕,1
沙灘,2
著衫,2
原先,2
好人,8
簽名,1
隸,1
隸屬,3
即日,1
陌生,1
符,2
好在,3
每年,3
普通話,11
大多數,1
廣東話,8
東莞,2
廣州,6
國語,4
原意,2
熟悉,1
客,4
probation,7
加薪,1
睇戲,6
Batman,10
okay,2
阿諾,4
型,4
Robin,4
Batgirl,3
小倩,4
卡通片,2
琴晚,12
場次,1
大力士,4
唔緊要,5
星期二,4
百老匯,3
current,1
雜誌,6
這個,1
殺手,2
冷,5
貼,4
感情,1
拍拖,1
星期六,6
一點,2
禮拜日,4
凡,1
禮拜六,10
返學,22
依家,2
眼瞓,2
趴,1
超,1
瞌眼瞓,1
free,4
辭職,1
實力,1
first,7
hon,5
強勁,1
year,4
scholar,2
scholarship,2
最好,7
與,1
事實,5
不符,1
獎學金,2
打邊爐,4
少娟,3
元朗,1
Linda,2
冇所謂,4
慶祝,8
曾經,4
飛碟,10
地球,10
蒲,2
不明飛行物,1
百慕達,2
三角洲,2
宇宙,5
加上,2
教徒,2
先進,2
自細,1
願望,1
實現,2
提,5
基督教,1
上帝,2
創造,2
人類,2
聖經,20
提過,1
教廷,1
外星人,2
不願置評,1
偏向於,1
造,3
星球,1
禁果,1
罪,3
地獄,1
星球人,1
科學家,1
角度,4
窄,2
進化,2
生物,5
形,7
形態,1
MIB,1
過癮,6
拐帶,1
驗,5
劏,1
割,2
解剖,1
標本,1
compare,1
with,1
普通人,1
格格不入,1
題外話,1
百慕,1
時空,1
費城,1
計劃,2
美軍,1
足夠,5
改變,2
磁場,2
傳送,1
消失,1
神秘,1
dut2,1
人間蒸發,1
超自然,1
現象,1
碟,38
造相,1
一九四三年,1
空軍,1
report,1
flying_saucer,1
碟形,1
形狀,2
common,1
雪茄,2
碌,1
翼,1
幽浮,2
或多或少,1
難講,3
腦電波,1
產生,2
幻覺,1
外星,2
至少,2
遊戲機,8
Sony,1
代,3
Playstation,2
virtual,1
盔甲,1
板,3
郁手郁腳,1
駁落,2
playstation,1
超任,1
效果,5
波浪拳,1
𠵇𠺫,1
打機,4
鞋,3
ding3,1
miss,1
完成,2
趷,3
日後,4
初頭,9
跌打,4
的士,2
新年,7
總然之,1
包紮,1
晏晝,5
反彈,1
按摩,2
屈,3
拉,10
大力,3
剒,1
眼淚水,1
標,3
眼水,2
年年,6
扭,1
摸,4
腫,2
㷫,4
物理治療,2
物理治療師,1
tearing,3
ligament,1
撕裂,2
,6
韌帶,2
筋,1
運動,2
參加,6
呼吸,1
注重,1
教練,1
體育,1
偷雞,3
村,2
中途,3
跑步,4
體質,1
瘦,6
阿嫲,3
澳門,7
阿太嫲,1
生日,20
太嫲,5
礁,1
咭,7
長途,1
年長,1
九十,1
太公,2
睇來,1
行路,1
四代同堂,1
美國,14
阿叔,4
Window,1
九五,1
version,1
一千三百,2
copy,4
原裝,1
中文版,2
睇睇,2
五號,3
手術,4
三嬸,1
急性,1
流,2
血,8
失去,1
最弊,1
製造,3
傷,5
元氣,1
氣,5
捐血,4
贊成,6
捐,1
剪,58
換血,1
二氧化炭,1
新陳代謝,1
細胞,1
破壞,2
排出,1
體外,1
開刀,1
肌肉,1
組織,2
傷害,3
姑姐,1
CD,58
催,3
蕃薯乾,1
好味,7
好食,9
叱咤,1
樂壇,1
流行榜,1
三點,4
金,3
銅獎,2
銀獎,2
周,7
華健,1
商台,3
黎,14
好聽,9
細細聲,1
唱歌,8
蚊滋,1
細聲,3
進步,3
客觀,2
難度,1
首,7
結果,9
彭,2
羚,2
淑怡,5
惠敏,1
演唱會,2
大把,4
歌星,5
慧嫻,4
秀文,2
凍結,1
臨尾,3
出碟,2
勢,1
家吓,1
十二點半,1
韓國,6
燒烤,2
餐廳,7
辣,5
Chilli,1
Pepper,1
',1
麻麻哋,1
Susan,1
石塘咀,2
䟴,1
自助餐,3
泰式,1
兩點半,1
Hong,14
Kong,14
Telecom,1
申請表,1
截止,1
三號,1
填,2
機會率,1
aptitude,1
test,6
written,1
interview,14
second,2
final,3
workshop,1
煩,14
Career,3
Centre,3
Newsletter,1
市道,2
新聞,14
東亞銀行,2
評論員,1
失業率,4
水平,3
減少,2
報導,4
循環,2
一邊,3
着緊,1
惡化,1
一時之間,1
需求率,1
就業,1
一時間,1
搬上,1
製造業,4
勞工,2
外地,1
做成,3
空缺,1
僱主,1
產品,3
afford,1
指數,1
八千,7
繃繃緊,1
外勞,1
洗錢,1
食宿,1
瞓覺,7
賺,39
分歧,1
服務性,1
好境,1
質素,9
遊客,8
懵,1
provide,1
service,4
訓練,3
提供,2
知識,4
中下,2
階層,2
勞工處,2
卌,2
九七年,2
麻麻,1
世界性,1
巔峰,1
容易,16
受到,5
外界,1
事物,1
刺激,2
九七,6
好做,1
接近,2
因素,5
前境,2
睇好,1
有料,1
長遠,1
未來,2
分開,6
rules,2
扣,8
十二,11
唯有,3
蝕,7
跟團,3
freedom,1
地圖,6
日文,5
指標,1
指示,1
漢語,1
公仔麵,1
魚生,1
等陣,2
大腸桿菌,1
假如,2
迫,14
櫻花,3
check,7
春季,1
北海道,1
滑雪,1
日本紙,1
麵包,2
汽水,1
澳洲,16
海灘,2
景,3
農場,2
游水,3
裸泳,1
曬太陽,1
歌劇院,2
悉尼,1
shopping,2
羊,1
懷疑,3
海,6
得切,2
倫,1
promotion,4
British,1
Airways,1
英航,4
五千幾,5
斯里蘭卡,1
cheap,3
直,3
飛去,4
維也納,4
程,7
船,8
whatsoever,1
acting,9
AIO,4
two,6
IO,3
double,4
doubling,7
up,6
Up,1
Acting,1
Doubling,2
同時,2
六分一,1
搲,1
蚊,1
丹麥,2
芬蘭,1
friend,10
挪威,1
瑞典,3
北歐,1
at,3
least,2
頸,2
骨折,13
火山,1
豬嘴,2
早晨,2
Maggie,4
近來,3
前晚,4
木,3
黐,1
檯,3
西瓜,2
紅中,1
布,1
遮遮掩掩,1
埃塞俄比亞,1
北韓,1
腿,1
做乜嘢,2
證明,6
Oh,1
閃光,1
肥肥白白,1
紅紅卜卜,1
慧君,6
方,1
團友,3
談論,1
舋,10
three,5
哎唷,1
ei6,1
早熟,3
成熟,5
婆,1
Elvis,5
疊,3
化妝,2
何來,1
扮嘢,2
嘴,4
紅,3
妝,1
熱氣,2
腫脹,1
蛋糕,4
嘴型,1
牙,13
姊妹,7
不容置疑,1
意會,2
婆孫,1
媽,1
多蒙特,2
截,3
色,7
鷹,2
神情,1
高處,1
騎馬瘟,1
騎,1
呆,1
抱,1
蚚蜴,2
蝙蝠,2
氣管,1
吸,1
琉磺,1
肚,2
William,3
拖,7
Ada,7
姐,2
偷情,1
果然,2
唔怪知,1
應,5
oh,4
綠騰女,1
Ivy,6
Poison,3
Michael,3
襯,2
蝙蝠女,3
baby,1
點止,1
鬼妹,2
幼,1
作準,1
掌上壓,4
pass,2
校,8
褪,5
橫掂,6
散熱,2
低能,4
Mechan,2
借問聲,2
下邊,3
瘡,1
窿,2
正話,4
兄弟,2
表哥,1
表弟,1
身型,2
果濟,2
純正,1
當日,4
海關,1
Sir,4
klak4,3
搽,6
太陽油,2
額頭,1
曬,7
損,1
嘴唇,2
粗口,8
哥,3
K,9
E,16
R,7
Y,2
Kerry,2
I,1
Bossini,5
Local,2
Richman,2
撈亂,2
白天,1
蕩失,2
調亂,1
前頭,1
大大聲聲,1
放學,1
裙,10
尖沙咀,5
suit,2
壹號皇庭,1
見工,4
G二千,1
unacceptable,1
Theme,1
孖襟,2
肉酸,4
黑色,4
找,3
卡數,1
死梗,1
阿哥,14
結婚,15
親戚,3
呆鏟症,2
㖿,1
新娘,2
行去,1
主人家,3
結,4
婚,4
一啲啲,5
廿八,2
惡,8
不得了,1
一時時,3
心情,1
阿邊個,1
X交叉Y,1
搬走,2
耳根清靜,1
七彩,1
功課,21
project,16
變態,7
借書,5
還書,1
library,1
止,8
影印機,2
簡直,2
學費,4
facilities,1
收檔,1
跳樓,3
花名,2
頂,12
萬八,2
揾食,4
講話,1
交稅,1
啲啲,2
零用錢,1
思疑,2
周身,1
名牌,8
function,5
敗家,1
鄧,2
兆尊,2
白黐,3
拍戲,2
吸毒,1
細佬,5
踢出,2
傍,1
power,1
女朋友,1
前排,2
美鳳,3
訂婚,2
list,1
criteria,2
提及,1
架子,1
明星,1
追,9
吸引,8
楚紅,3
林,5
青霞,1
豬,2
朱,6
家鼎,2
冇錢,1
鞭策,1
家務,2
搬搬抬抬,1
整容,1
鞭打,1
冇用,6
掃街,1
qualification,1
譚,3
詠麟,1
渣,1
等如,4
王,4
菲,3
外國人,1
social,1
勁歌金曲,1
頒獎,1
典禮,1
首先,6
古仔,5
孔,9
融,7
梨,9
古老,1
反轉,1
大哥,1
孝心,1
尊重,1
哥哥,3
大人,3
有人,1
編,3
拎走,1
偷笑,2
蟲,3
鯁,1
George,1
燶,3
預早,3
兼夾,1
七七八八,1
淨得,1
雀仔,6
特色,10
搶,1
需求,2
盞,1
點樣樣,2
過渡,2
古董,2
限量,4
限,1
發行,1
量,1
套摺,5
數量,2
膠套,1
靚一靚,2
收藏,1
七月,11
一號,10
青馬大橋,2
六月,11
建設,1
十幾號,1
傷殘,6
運動會,4
奧運會,5
麗珊,2
歧視,2
運動員,1
經典,6
系列,4
第十,3
每一次,1
百,17
週年,3
郵,9
展,2
三十號,2
宣佈,1
掟,2
十足,1
折,3
現,1
特區,3
旗,1
作,6
構思,1
懵查查,1
斷估,1
預訂,1
割禾青,1
橛,1
嘈,1
長龍,1
年初,1
着數,2
著數,1
收藏品,1
sample,3
chop,10
嗰個時候,1
公仔,2
大致,1
面額,2
炒賣,1
個三,1
時期,3
海外,2
亞洲,4
單,6
官司,5
審死官,1
阿嬸,2
婆婆,1
八十,5
脫骹,1
膊頭,1
脫跤,1
腿部,1
醫院,3
索償,7
償,1
四十五萬,8
損傷,1
能,2
意外,4
喪失,7
靈界,2
進行,2
神,23
任務,1
自此,1
解籤,1
驅魔,1
神打,1
上身,1
靈媒,2
天地線,1
容,1
充分,1
從事,1
一月,3
三月,4
在,5
賠,6
期間,2
難保,1
靈,1
bik4lik1baa4laa4,1
暗中,1
阿子華,1
數據,5
憑住,2
特異,2
特殊,1
謀,1
利益,1
偈,10
歲數,2
百二,1
若果,1
六千,2
掌,2
據,2
情趣,1
前程,1
矛盾,1
故仔,1
預測,3
運程,4
占卜,1
驅邪治鬼,1
趨吉避兇,1
掛,4
樓市,1
天災地陷,1
或,1
戰爭,1
見地,1
九巴,1
預言,1
劫,3
硬食,1
明知,4
求,5
四十六,1
多餘,1
老伯,1
老婆婆,2
斷手,1
皮肉之苦,1
的而且確,1
駕駛,1
照計,3
子華,2
站,1
人道,1
立場,1
十萬,1
八萬,7
阿婆,14
超能力,2
法律,3
X-File,2
走來,2
捉走,1
謎,2
證實,3
料,3
人證,1
曹,1
宏威,1
博士,1
永堂,1
果齊,2
起壇,1
上庭,2
鬼仔,2
科學,4
案例,2
嚇死,2
審,2
無數,1
聽眾,4
結束,3
對話,1
PS,10
Saturn,3
遊戲,9
插,3
ram,6
part,9
翻版,43
正版,17
三百幾,2
VCD,6
有賴,1
出產,1
王國,1
地點,1
信和,1
深水埗,2
黃金,1
東方188,1
成個,3
商場,3
幫襯,7
冷氣,11
無,2
人客,2
丙,3
為之,1
燒,2
IC,1
程式,1
交易,2
手掣,1
全套,1
一千二百,1
任天堂,5
一代,2
機王,2
一九九三年,1
超級任天堂,2
N64,1
盒盒,1
打工仔,1
餅,6
Rom,2
方式,5
視乎,2
常,2
龍珠,7
紅白機,2
盒帶,1
fade,1
out,1
鴨寮街,1
垃圾佬,1
嗜好,3
壞處,2
優點,2
沈迷,1
電視機,5
孤單,1
單獨,1
建議,3
套餐,1
有用,2
益智,2
鞠躬,2
君姐,1
Mario,1
補習,11
暑期工,3
Pizza,3
Hut,3
內部,1
乾,2
沙律,5
吧,3
part-time,6
三千零,3
Five,2
必備,1
Physiotherapy,2
Poly,5
Double,2
triple,1
Engin,5
Eng,3
Account,9
淺,5
加數,1
科大,6
business,2
Medic,4
列入,2
harsh,1
嶺南,2
中醫,5
系,2
Diploma,1
風濕,1
Bio,3
Chem,4
Human,1
學院,2
教授,2
失禮,1
唔會,1
理工,1
Jupas,1
十月零,1
Seven,3
choice,2
三十三,3
procedure,1
A-Level,2
沙官,3
阿飯,2
Science,1
文科,3
女拔萃,1
數學,6
廿四,6
理科,2
病態,1
留班,1
至於,1
一心,5
past,1
paper,7
九十五,1
MC,2
頂窿,2
致命傷,1
作文,6
君儀,2
卷,7
D,7
辦,2
Jacky,4
補,8
一本便利,2
本本,1
便利,1
Don't,1
Touch,1
A1,4
英皇,1
現代,3
會考教室,2
史,2
sir,6
天王,2
屎,1
豬頭炳,1
稱讚,1
degree,3
holder,1
基督徒,6
skills,2
Bible,2
平常人,1
招積,1
爆,2
喲,4
oral,2
dialogue,1
生字,1
phrase,1
與眾不同,1
實用文,1
飄忽,1
評論,3
評,3
公函,2
建議書,2
報告,5
老吹,1
國光,1
評價,1
認,14
高度,1
行開,1
探,5
忙,5
喳,4
美國人,1
佐治古尼,2
o1,1
佐治奧當奴,1
基斯奧當奴,1
Chris,1
O'Donell,1
Alicia,1
Keton,2
仁心仁術,1
面具,1
集,14
偉基馬,2
strong,1
威爾斯,4
星期三,7
自然,8
前途,3
着想,1
子欣,6
Compu,4
阻止,1
寫信,2
Body,1
Shop,1
潔儀,2
廣東,2
收音機,2
昨天,1
安樂,1
出版商,2
針,1
歌詞,1
可能性,1
講得,1
捨得,2
磁頭,2
音質,1
翻,2
周街,2
質數,1
雜錦,1
𠻺吓,9
觀點,3
偶像,2
阿妹,7
犯法,7
功勞,1
意見,7
其,2
十六,2
拉去,1
坐監,4
不惜,1
一切,1
賣淫,2
爆粗,1
純,2
唔係路,1
應承,4
崇尚,1
責任,5
推,4
負擔,2
倒頭來,1
父母,2
心態,2
人人,1
過份,2
卡拉OK,2
伴唱,1
鴨,7
被迫,2
名利,1
鴨店,1
迫良為娼,1
城市追擊,2
有錢佬,4
願意,1
陪,4
情婦,1
自薦,1
舖頭,11
自願,1
正當,1
貪心,1
必要,2
理解,1
犯,2
懲罰,1
大個,6
正確,1
做事,1
手法,2
成就,3
夾硬,1
天份,1
學業,2
基礎,4
根底,1
成世,3
舒舒服服,1
培養,1
禁,5
揮霍,2
白粉,1
一排,2
每日,1
反對,1
造成,1
損失,4
負,2
食水,1
減價,2
漢文,1
煲袋,1
有益,1
倒轉頭,1
假設,2
風氣,7
進退兩難,1
Giordano,1
心目中,5
七百,3
冒牌,3
正牌,1
唔多唔少,2
二手攤,2
銷量,1
租,18
方向,1
息,1
行貨,1
禮拜三,10
e2,1
Yes,2
教育,5
方針,1
導,3
Zip1,5
蠢,2
有全,1
覮,2
入侵,1
聲稱,3
程度,4
砌,3
卡啦OK,7
剩係,2
忍,2
一時一樣,1
炸彈,4
破費,2
Big,2
Echo,2
豬仔,8
Neway,1
有事,2
多災多難,1
長毛飛,1
鼻,2
祖堯,1
齊頭,1
蘇屋村,1
遠離,2
逐步,1
搬去,1
background,2
主人zaa1,3
異議,1
易話為,1
因,1
親人,1
大吉利是,1
流流,1
阿老爺,1
尷尬,2
死仔,3
話說,1
information,5
徬徨,1
預備,2
煙幕,1
金條,2
鑽戒,5
鑽石,1
手鏈,1
出面,2
情竟,1
壯觀,3
試試,1
斷尾,1
做乜,1
鴨脷,1
鰂魚涌,1
錶,3
尖沙嘴區,1
灣仔區,1
極其量,2
新界,2
大埔,3
香港區,4
二五仔,2
鬼主意,1
香港島,1
立,1
疊馬,2
樂隊,4
奏,1
tuxedo,1
講明,1
威,5
六十八,1
仲,1
三百二,1
紮,1
睬,5
劈友,1
銀樂隊,1
安排,3
阿南哥,1
唔怪之,1
大逆不道,1
虛無飄渺,1
事實上,1
結論,1
生日會,1
容納,4
屋企人,10
廣東省,5
短線團,2
子陵,5
嘈喧巴閉,1
打骰,1
掛住,6
鄉下,8
順道,1
邊處,1
海豐,1
exactly,1
汕頭,1
汕尾,1
相隔,1
噢,3
揸fit,2
主意,1
特價,1
銀幕,1
擘大,3
扮蟹,1
浪漫,2
單身,2
恐怕,1
上下,1
搭嘴,1
霎,2
嘛,2
點只,2
那個,2
何況,1
音響,12
九龍,6
天龍,1
Yamaha,3
衡量,2
適中,1
組合,1
surround,1
M,5
LD,6
錄影機,3
現有,1
金錢,4
級數,2
最初,6
頻,1
供給,2
打算,4
交流,1
圍內,1
聽歌,1
AV,1
影碟,1
重播,1
DVD,4
站穩,1
嗰便,1
傾掂,1
解碼,1
區域,2
限制,1
貨品,1
嘗試,5
高解像,5
相比,1
畫面,2
追求,5
電,7
影院,2
配合,1
粗製濫造,1
單只,1
同步,3
市面,1
取捨,1
唔爭在,1
玩嘢,3
是Q爛但,2
指,8
來回,2
天龍八部,1
天龍八步,1
小鳳,1
不能,1
混為一談,1
老兄,1
倒不如,1
離題萬丈,1
蕭,1
峰,4
戇居居,1
仆直,1
終極,1
仇人,1
黑衣人,3
追殺,1
一仆一碌,1
木嘴,1
喬,3
崖,2
高空,2
轆,1
葛,1
晾,5
山崖,1
樹枝,1
潛伏,1
少林寺,2
報仇,1
踎,4
食榖種,1
金庸,2
laa2,2
冇計,1
刑事,3
偵緝,1
檔案,2
磨碌,2
一嚿嚿,1
思龍,1
咬字,1
新紮,3
體諒,1
演,1
藹明,1
上集,2
外,1
大概,2
時段,2
make,2
sense,2
調包,1
汁,1
金田一,2
作者,2
期,3
廿三,3
法蘭西絲,1
趕稿,1
aa5,1
堆,4
廢柴,1
佈局,2
天意,2
幾點,4
條條大路通羅馬,1
羅馬,1
絲綢之路,1
家陣,1
品種,1
地雷,2
留神,1
踩,5
中招,2
Popeye,1
水手狗,1
瓜,2
安心,1
必要時,1
主人,1
救,4
命,1
爭啲啲,2
無嘢,1
吹,4
脹,1
嚼,1
物以類聚,1
前面,4
block,1
bok6lok1,1
差人,3
葉,9
繼歡,3
逃獄,1
逃,1
閃,3
身份證,1
難得,4
惡頂,1
查實,1
偷錄,1
三級片,2
知情,1
追擊隊,1
神通廣大,1
閂機,1
意義,2
錦威,1
考官,7
作弊,3
放榜,3
狀元,3
級,2
泄,2
透露,1
題目,6
答案,5
消息,8
考試局,1
夾萬,1
試題,2
溫書,2
情急之下,1
試探,1
泄露,3
技巧,1
model,2
answer,2
處置,1
噚日,4
承認,1
控罪,1
社會服務令,1
取消,3
忠直,4
替上,1
早知結果,1
何必當初,1
着重,1
公開,1
渲染,2
換轉,1
露出,2
馬腳,2
地步,1
中六,1
課程,1
上得山多,1
終遇虎,1
考驗,1
信仰,1
欣賞,3
了,1
十四,4
學位,3
fill,1
勤力,5
即使,1
form,5
six,1
實驗室,1
啱啱好,1
漫畫,3
姐姐,2
車房,1
甫士,1
次等,1
增進,1
學習,2
建立,1
品格,1
人生,3
取向,1
全人,2
啱傾,1
補習天王,1
補習社,3
志在,1
學歷,2
嚇,11
化學,2
HongKongU,3
PhD,1
簡稱,1
三十幾,1
自稱,1
God,2
Father,2
of,7
Chemistry,4
自大,1
supervisor,4
無名小卒,1
Brother,3
點兒,1
收斂,1
崇拜,1
清貧,1
合作,4
Translat,1
記住,2
開檔,1
書展,6
會議,1
哄動,1
Oxford,2
Advanced,1
Learner,1
紅色,3
商務印書館,1
皮面,1
九五年,4
九六年,1
八幾年,1
地名,4
index,1
appendix,2
遇,3
專有,2
常用,1
同益,2
陸,2
谷孫,2
合成,1
上冊,1
下冊,1
濃縮,1
字體,1
後邊,3
general,1
之餘,1
另類,1
科技性,1
通用,1
圖書館,2
經常,1
應付,2
Jessica,2
translator,4
十一點鐘,1
趕住,1
簽約,2
違約,1
初時,2
全年,1
心諗,3
答覆,2
一直,4
長工,2
嗲哋,2
晨早,3
下個,1
留底,1
親自,1
留低,4
幫手,3
round,1
foul,1
介意,2
agent,1
二號,6
推遲,1
回音,1
律師,1
律師樓,2
nature,1
OT,3
deadline,2
tight,1
趕,9
overtime,2
salary,2
揀人,1
translate,3
心得,1
開朗,1
bear,2
impression,1
response,2
文靜,1
七千,1
Career-Centre,1
question,2
mark,1
boycott,2
杯轕,1
boyscott,1
spelling,1
mistakes,1
何,5
美芳,2
board,1
BBA,6
宿舍,3
any,1
discipline,2
dis,1
身在福中不知福,1
學科,2
arts,1
customer,1
officer,2
匯豐,3
post,5
teller,2
大專,2
層面,1
先輪,1
administrative,1
five,5
standard,1
寄信,2
居然,1
濫,1
翠茵,2
聯絡,8
突然之間,1
驚訝,1
first-hon,1
aim,1
Daniel,1
學術界,1
出名,6
潛能,2
human,4
resources,4
executive,1
佣金,1
六十萬,1
新穎,1
disk,5
computer,8
case,3
study,1
影印,3
一千,3
promote,4
推銷,2
工作天,1
interviewer,1
hints,2
take,2
寫低,2
高興,4
請人,1
禮貌,3
禮拜五,2
通知,2
knowledge,1
software,4
even,1
人選,1
spend,1
大約,4
阿慧,4
Jay,4
Christmas,2
影相,6
gather,1
聯絡人,1
purpose,1
pre,2
prefer,2
星期日,3
contact,1
lens,1
con,1
兩點,5
義不容情,2
日華,1
海媚,5
粧,1
老土,2
咀唇,1
粉紅色,5
唇膏,2
仔細,2
咀,1
唔自然,1
卅,1
八九,2
怪雞,1
偵輯,1
message,1
Joseph,1
W,2
八零一,1
room,1
直至,1
上鏡,1
報到,1
lab,1
搦返,1
掙,1
離遠,2
say,2
hello,2
friendly,1
怕醜,1
Hi,5
誇張,5
阿琪,9
壞話,1
提起,1
口中,1
巴士站,1
撞到,1
有禮貌,1
純品,1
天台,1
平台,1
大風,1
offi,1
official,1
心急,2
焦,1
識路,1
Hon.,1
pro.,1
証,2
card,5
圖書証,1
阿勇,2
搞事,2
To,1
a,1
certain,3
extent,1
e,1
C.U.,2
過膠,1
同一,2
自私,1
自由,1
Open,1
open,1
system,6
阿珊,3
出奇,2
Education,1
expire,1
蝦,5
喘氣,1
set,1
深色,2
淺色,3
底色,1
similar,1
格仔,2
杏,2
灰,4
阿美,1
杏色,1
恤衫,1
大頭,1
zoom,1
面色,1
背影,1
相似,2
朦,2
maybe,1
遠近,1
et1et1,2
pale,1
粉,2
胭脂,2
eyeline,2
大細眼,2
右眼,1
左眼,1
車牌,1
二手,2
車行,2
保障,2
Corolla,2
Civic,2
323,4
𤓓味,1
粉腸,1
不知所謂,3
預算,2
四萬,6
新牌仔,1
Herry,1
121,2
貓仔,1
自動波,1
aa2,1
千三,4
c.c.,6
阿張,4
斜,5
瀉,1
滿,1
van,5
溜後,1
車身,1
出入,3
濕濕碎碎,1
四十五,1
燕梳,4
三保,3
全保,2
保,2
新牌,1
無名無份,1
歸還,1
停車場,7
沙田,10
泊,9
粉嶺,2
馬會,3
哩邊,1
二千,9
彩虹,2
二千三,4
沙田中心,2
沙田廣場,1
好運,2
隔籬,1
揸來,1
開學,3
火炭,2
二千九,1
爛地,3
二千二,1
kik1lik1kwaak1laak1,1
油,4
抹,2
一筆過,1
share,3
退休,5
銀禧,2
免費,2
阿K,1
行街,5
三菱,1
Lancer,1
九二年,2
綠,2
新淨,1
,2
千六,4
最衰,1
三萬,6
千五,1
操場,3
蓋,4
banding,3
band,4
儲錢,1
糧,4
唔切,1
出糧,4
二十八號,2
grant,5
loan,5
季,1
鑊,1
節儉,1
七萬,1
慳儉,1
PE,2
修,5
六點九,2
轉車,1
地鐵,3
小巴,4
西隧,4
鬆啲,2
羅師,1
隧道,1
車費,1
canteen,1
晏晝飯,1
麥當奴,1
引誘,1
至上,1
教員室,1
長輩,2
物,2
M.Phil,1
小人物,3
眼超超,1
樖,1
草,1
揦口揦面,1
cool,1
權,12
校服,1
原,3
微,2
用品,1
實惠,1
爭取,1
六成,2
強心針,1
堅持,1
攻防戰,1
你有過牆梯,2
你有張良計,1
我有過牆梯,1
張良計,1
禽流雞,1
招數,1
商舖,1
可憐,6
淒涼,2
囈,1
業主,9
拍低,1
錄影帶,1
fast-forward,1
行入,1
定格,1
擰頭,4
一尾,1
反覆,2
work,2
借助,1
輿論,1
遊街,1
大班,3
大型,1
商戶,2
提出,3
大業主,1
主打,2
洋服,1
專,2
西,1
尺,3
過年,1
進,1
交租,1
清場,1
拚pe5,3
預計,1
封舖,1
棄舖潛逃,1
彌敦道,3
尖沙咀區,1
電器,5
走人,1
相機,4
鏡頭,4
保養,1
登,1
二千四,1
購物,2
離奇,1
伙記,2
無限,1
唏噓,3
黑,6
Hi-fi,1
拿,1
剩低,1
封鋪,1
下欄,1
遣散費,1
示威,1
大同小異,1
標點符號,1
連鎖,1
租戶,3
對付,1
鐵腕,1
殺雞取卵,1
吉,1
泊車,1
車位,3
地盤,5
Wilson,1
𨋢,1
剷,1
匙,1
蹉商,2
限期,1
淡風,1
撐,2
四成,2
股份,2
生意額,4
情,1
當中,1
共存,2
吉舖,2
零售業,2
做落,1
客戶,1
返頭,2
貿貿然,3
信譽,2
商譽,1
Good,1
will,1
首當其衝,1
大單,5
食肆,2
即時,1
爐頭,1
廚房,1
裝修,1
投資,3
翻本,1
共渡,1
促銷,1
兆基,1
有買趁手,1
過來,3
無字頭八九十,4
眨,4
倪,4
超人,3
懷念,2
小靈,1
謝,8
茜嘉,2
新血,1
茜瓜,1
可惜,2
肚痛,2
撇,1
燦森,2
肝炎,3
阿嘉樂仔,1
嘉樂仔,3
伸,3
武功,1
lyut6,4
褪後,1
洗手間,2
於是乎,1
嗱嗱臨,1
病向淺中醫,1
文子,2
阿成,2
亦,2
旁邊,1
無字頭七八九,2
五點,7
attendance,1
Take,2
唔關事,1
drop,1
做完,1
八九十,1
鬆,2
七八九,2
人間,1
慘劇,1
行出,1
荊軻刺秦王,1
魚肚白,1
風嘯嘯兮,1
淒清,1
上路,1
九龍城,2
以往,2
把炮,1
Vincent,4
六點鐘,3
無得頂,1
校車,2
喇沙,1
經常性,1
爭路,1
紅綠燈,1
前邊,4
喜悅,2
網,1
手襪,1
饑不擇食,1
亦仔,1
並且,1
預告,1
隊員,1
係噉意,1
火星,9
幾百萬,1
河,1
太空總署,1
太空,2
副,6
韓瑞斯,1
環繞,1
軌道,1
探索者號,1
圖片,2
顯示,6
靠近,1
赤道,1
南迪雅利斯峽谷,1
底部,1
河床,1
火星人,1
深刻,2
漫遊,1
之際,1
X,1
File,1
盛行,1
好賣,1
以至,3
奧秘,1
原素,1
地底,1
信得過,1
幾年前,1
剁,1
冇癮,1
打麻雀,2
碰,1
lik1gu1lik1gu1,2
六十,2
詐胡,1
一望無際,1
浩瀚無邊,1
聯想,4
拭目以待,1
來臨,1
酒,3
乾脆,2
零晨,1
十一二點,1
三點鐘,3
午夜,1
狂奔,1
重有,9
周末,4
休閒,1
八點鐘,2
臨行,1
友情,1
惡勢力,1
維繫,1
主持,1
各位,1
靈感,2
說明書,3
附帶,2
操作,4
you,3
can,1
anything,1
like,1
解法,1
指令,1
refer,1
to,1
一五五零,3
夾埋,1
搦起,1
阿姐,1
Francoise,1
一味,2
傻瓜,1
professional,1
間間,1
傳統上,1
傻瓜機,6
mode,2
F,1
九零,1
交叉,1
厚,3
非一般,1
閃燈,1
遮,1
pit3,1
部部,1
詳盡,1
售貨員,1
豐澤,1
錄音機,1
sales,1
醫護,1
瑪麗,1
professor,1
SMO,1
院,1
ward,1
病房,1
南丫島,2
攤檔,1
Mary,1
Eliza,5
行山,1
BBQ,1
陰暗,1
阿威,5
冷衫,1
sweater,1
外套,1
搭船,1
攰,6
姑媽,2
readings,1
今晚,11
落筆,2
做冬,1
嗰頭,5
聖誕節,3
聽晚,1
大本營,1
乜乜,1
同鄉會,1
番禺,2
坐船,1
查經,1
hall,1
夜瞓,1
走走,1
糴糴,1
chapter,1
經文,2
拏更,1
祈禱,4
天父,1
阿晴晴,1
智慧,1
聖靈,1
guide,1
develop,1
帶領,1
以下,3
奉,1
基督,2
阿們,1
課,2
何謂,1
把握,1
明朗,1
盼望,1
希伯來書,3
章,9
節,12
實底,1
確據,2
faith,3
is,1
being,1
sure,3
what,2
we,3
hope,1
are,1
do,1
not,1
see,1
certainty,1
article,1
世紀,4
年輕,1
鋼線,6
專家,3
尼亞瓜拉,1
瀑布,3
坐櫈,1
擔,1
櫈,1
煮,3
雞蛋,1
手掌,2
圍觀,1
孭起,1
舉手,2
擺低,2
真正,2
頭腦,4
單止,1
認知,1
挨,1
辛,2
矮,2
櫈仔,1
平安,1
憂慮,1
推動力,1
變做,1
枉費,1
情感,1
理性,2
真實,2
承諾,1
人物,1
約翰福音,1
耶穌,11
復活,5
顯現,1
多瑪,5
輪流,1
門徒,2
experience,4
親眼,5
福,2
主,1
廿七,1
肋膀,1
賞賜,2
尋找,1
跟從,1
初信,1
基本,3
根基,1
羅馬書,2
信道,1
comes,1
from,1
聽道,4
從,1
道,7
道理,2
福音,3
personally,1
實踐,2
來源,1
分享,2
見証,1
穩固,1
默想,1
雀仔街,6
雀,22
舉,2
雀籠,1
繁複,1
檢疫,1
原產地,1
相對於,1
了哥,4
忽略,2
門市,1
鸚鵡,2
相思,2
羽絨衫,2
管制,1
棱,3
阿翁生,2
世傑,2
精品,1
記者,6
七十,1
籠,5
小環,2
攞去,1
道具,1
歡樂今宵,1
嚴重,6
呼籲,1
簡化,1
手續,2
文錦渡,1
檢驗,1
放鬆,1
檢,2
入屋,1
雕,1
牌匾,1
集古村,1
鐵閘,1
雕牆,1
企理,4
設施,1
雞隻,1
起源,1
衛生,2
糞,1
雀糞,1
雞糞,1
傳播,2
渠道,1
清洗,1
清潔,3
生機,1
蜢,2
近況,1
公務員,1
難食,4
藥水,1
糖水,1
享用,1
咳,2
咳藥水,1
私家,3
彌補,2
創傷,1
初初,1
雜誌社,1
部門,1
企業,1
press,1
release,1
exhibition,1
branch,1
推廣日,1
分行,1
延長,1
籌劃,1
產,1
internet,4
上網,1
年尾,1
kiosk,4
查詢,2
自動,1
螢光幕,1
密,1
一浪,1
接一浪,1
嗰輪,3
就來,4
推出,4
晚晚,1
O.T.,5
A.M.,5
manager,1
勞氣,1
暫停,1
自動自覺,1
桂林,8
帝苑,1
少數,2
民族,2
拋,1
繡球,1
旅,1
漓江,2
風景,5
天氣,3
清涼,1
出汗,1
山,1
市容,1
重點,2
國內,1
旅遊客,1
食用,1
如何,2
普普通通,1
百分之五十,1
蔬菜,1
點心,1
餸菜,1
旅行團,1
未曾,1
五月份,1
導遊,8
算係噉,1
不過不失,4
融洽,1
有講有笑,1
高竇,1
Quali,1
柴娃娃,1
老老嫩嫩,1
瓷器,2
觀音,1
kiu3,1
海南,1
珍珠,1
成藥,4
製成,2
中醫醫院,1
氣功,1
療法,1
盛,3
五星級,2
重點區,1
客人,1
旅客,1
太平,2
平淡,2
熱鬧,3
橫額,2
國旗,1
徽章,1
熱烈,2
真真正,1
荔枝,2
飛起,1
阿三叔公,1
棵,2
桂味,4
犀,2
糯米糍,5
核,6
懷枝,1
中等,1
甜,4
清甜,1
酸味,2
難兄難弟,2
賢,6
馬來,1
南洋,3
阿珍,2
嫁,4
難忘,4
傷心,2
菲律賓,4
沉,1
海底,1
香港人,7
老母,2
設,1
招魂,1
回魂,3
黑擝擝,1
鎖匙,2
牛鬼蛇神,2
唥唥,1
鎖鏈,1
被竇,1
冷震,2
老友,2
seot1,1
頸渴,1
wu6,1
櫃桶,1
冚落,1
擰轉,1
埲,1
牆,1
蕉,1
脷,1
heoi1,1
好瞓,1
猛,1
似層層,1
喊路,1
家人,1
攬,2
拍片,1
娛樂版,1
娛樂,2
Oasis,2
到達,1
機場,4
否認,1
國泰航空公司,1
指控,1
乘客,2
監生,1
主題曲,1
機長,1
警告,1
成年人,1
應有,1
負面,1
莫講話,2
真憑實據,1
過檔,1
安全帶,2
為所欲為,1
可愛,1
照樣,1
落機,1
迴異,1
乖乖仔仔,1
塑做,2
真我,1
kwaai4,2
秋生,1
上台,1
老實,1
件件,1
樂迷,1
以至到,1
容許,1
彌天大罪,2
飲酒,1
醉,1
異性,1
滾,1
執行,1
警察,3
道德,1
紀律,1
娛樂圈,1
潔白,3
美美,1
西施,4
拉薩,3
涼,1
愛錫,1
適當,1
獸醫,5
通街,1
味道,1
眾叛親離,1
褸,6
掃,1
衣櫃,2
取暖,1
狗毛,3
打乞嗤,1
容忍,2
老竇,2
曲架狗,3
曲架,1
曲,1
芝娃娃,1
細隻,1
六合彩,1
揩,5
耐唔耐,1
走開,2
親熱,1
明明,1
種族,1
種族歧視,1
龜,9
蠶蟲,2
兔,7
葵鼠,1
天竺鼠,1
繁殖,2
沖涼,3
臭,1
兔仔,3
單車,5
軟,1
座墊,2
磨,5
蘿蔔,1
天性,1
尖,1
單車鏈,1
狗仔,1
躝,2
煩厭,1
爬,3
老鼠,5
老鼠拉龜,1
吹水,1
盲,2
簜失,1
柄,1
櫃,1
揾嘢食,1
報警,2
黑毛,1
反,2
鬼死,2
豐,1
蛋,1
卵,3
通通,1
餵糧,1
㗳,5
游,4
重創,1
浮,2
蜥蜴,1
孔雀,2
曱甴,1
蓄意,1
經營,1
木糠,2
雀粟,1
條條,1
五顏六色,1
綠色,1
藍色,1
木片,2
麥皮蟲,4
黃色,1
節節,1
作嘔,1
生勾勾,1
蚱蜢,3
搣,2
攤開,2
,1
腸,1
麥皮,1
扺死,1
Bandai,6
正貨,1
Samsung,1
order,1
版權,1
浪費,2
text,1
QC,1
百幾,2
寶頂,1
花生油,1
憑,2
收據,1
五十五,1
往,1
地利店,1
換取,1
小貓,1
二十四號,1
六號,2
恐龍,2
搶市,2
倉,1
若有所指,1
阿佳,1
gong1,1
食品,3
健身,1
肚腩,1
起度,2
心廣體胖,1
傾電話,2
公事,2
摀低身,1
寫字,1
腰力,2
卡路里,4
坐低,1
廿一,4
消耗,2
廿幾,1
s,1
漢堡包,2
可樂,1
肥妹,1
他媽哥池,1
base,1
ei2,3
黃金聖鬥士,1
模型,1
聖鬥士,3
卡通,1
十分之,1
劇本,1
龜波氣功,3
齣,1
Internet,7
鼓勵,2
multi-tasking,1
ik1,2
download,5
圖,1
專線,2
連線,3
速度,4
二六四零零,1
十一萬五千二百,1
modem,2
CSL,1
IMS,1
Netscape,1
server,1
graphic,1
靴,1
月費,1
一零八,2
兩個半,1
費,1
較,1
password,1
Kelly,1
postgrad,14
抽簽,1
四十七,1
apply,1
May,2
Wing,2
奇妙,3
第八,1
死死氣,1
冇行,1
報串,1
宿位,1
Swire,1
Scholarship,1
房租,1
二千九百,1
一千四百五十,1
私人,1
床鋪,1
枕頭袋,1
拖地,1
玻璃,2
嘺,1
一般人,1
輕鬆,2
tutor,2
為例,1
hours,1
補水,1
十點幾,1
點幾,1
贊,1
認可,1
mix,1
星加坡,1
極之,1
後塵,1
幸運,1
爆冷,2
學術,1
路線,1
文學,1
作品,2
天路歷程,1
Pilgrim's,1
Progress,1
天城,1
早期,1
引,1
傳教士,2
譯本,10
繼,1
中大,1
後期,1
一百幾,1
歷史,2
不同,1
CU,2
圖書證,1
耀新,1
弟,1
彼此,4
幫忙,4
可免則免,1
大個仔,1
洗頭,1
論文,3
國際,1
挨更抵夜,1
聽朝,1
樂意,1
proposal,1
資助,1
quota,2
名單,2
studentship,1
Connie,1
好耐,2
擺落,6
locker,5
走佬,2
Computational,1
Linguistics,1
習,1
Council,5
監考,4
小豬,13
HongKong,7
Bank,6
level,1
夠鐘,4
停筆,2
脾氣,1
𥇣,1
女子,2
臨走,2
陳生,2
即是,1
complain,1
靚妹,1
牛仔褲,2
西褲,2
John,1
full-time,2
𠮨,5
Veronica,5
睇小,1
organize,1
小姐,2
去街,1
好過,2
聖誕,14
平安夜,2
廿二,2
想像,1
嗰排,2
褸尾,8
pharmacy,2
嫁人,2
舊時,7
van仔,1
送貨,1
好好,1
廖,1
家慧,1
唔妥,1
奶奶,1
茶樓,1
McDonald,2
奇特,3
新郎,1
未婚夫,1
穩陣,1
娶,1
恩愛,2
鬥氣冤家,1
呢啲,1
兒戲,1
聚,3
團結,1
小一,3
十三,2
青梅竹馬,3
堂家姐,1
二十一,1
容乜易,1
CP,2
sem,12
空檔,1
操fit,2
慌,1
fit,1
熊貓,2
通宵,1
有一排,1
慘無人道,1
順,1
遲早,1
毀滅,1
畢,2
開放式,1
密封,1
中央,2
病菌,1
傳染,1
先排,1
暗瘡,1
皮膚,1
感染,1
校醫,2
詛咒,2
牙醫,7
檢查,1
牙齒,1
洗牙,1
揦西,2
細心,2
洗清,1
刮損,1
牙肉,3
儀器,4
藏,1
慫恿,1
後顧之憂,1
Cathy,1
拱起,1
輕,1
攣,2
碎,11
開叉,4
一層層,2
ok,1
特定,1
style,1
髮,1
髮型,2
保留,1
變化,2
搏命,1
陰,4
劉海,1
蔭,1
髮型師,3
不時,1
質地,1
摷起,2
宣,1
萱,1
耳仔,1
干擾,4
頻道,1
型號,5
出品,1
Sotunafi,1
一九六六,1
甚,1
幾大,2
空中巴士,1
珍寶客機,1
七四七,1
四八,1
寧缺莫濫,1
飛航,1
吸煙,1
危害,1
違法,1
採取,1
行動,1
事態,1
輕keng4,1
理論,3
與其,1
片,5
空難,4
華航,1
揣測,1
記錄,1
八三年,1
片段,1
諸如,1
唔知,1
公民教育,2
鐵達尼號,1
du1du1du1du1,1
層次,1
高層次,1
孔子,1
己所不欲,1
勿施於人,1
追蹤,2
定點,1
發出,1
電圖,1
坐標,2
排位,2
spot,1
一則,1
遺失,1
不法之徒,1
犯案,2
做法,1
出發點,1
人權,1
侵犯,3
私隱權,5
擁有,3
實則上,1
穿,2
對方,2
來電,5
冧巴,4
邏輯,2
家樂,4
預先,1
設定,1
fair,1
神話,3
伏,1
Surprise,1
surprise,2
商榷,1
諗諗,1
透徹,1
調查,3
查案,1
得益,1
賊佬,3
鬼馬,6
追女仔,2
避,3
時刻,1
淡季,4
旺,1
旺季,1
Orlando,3
旅行社,1
High,2
season,1
萬四,3
薯條,1
Magic,1
Kingdom,1
排長,1
迫人,1
煙花,1
package,1
紐西蘭,9
新西,1
新西蘭,2
New_Zealand,1
紐,1
海豚,1
鯨魚,5
觀團,1
出海,2
羣,1
帕斯,4
Perth,1
tour,2
觀,2
鯨,1
local,1
珊瑚,1
天然,2
群,1
月份,2
冇乜,1
海洋公園,2
屬於,2
catalog,1
噠,1
朵,1
氣候,1
季節,1
泳褲,1
寒,1
十二月,4
時侯,1
適應,4
近住,2
factory,1
outlet,1
觀光點,1
旅遊點,1
帶隊,1
半價,2
喼,1
通信,1
廣泛,1
厲害,1
統計,1
手提電話,1
用戶,1
人口,2
曉峰,1
嚟,2
纏,1
淨,1
號碼,2
spare,1
銀包,1
抗拒,1
極端,1
du1du1,1
立刻,1
緊急,1
一剎那,2
神神哋,1
飲醉,1
溫暖,1
熟識,1
聲音,1
嗱嗱,1
青山公路,1
傻佬,1
陰影,1
剝奪,1
做乜鬼,1
Mood,3
藉口,1
du1,1
電訊,1
NTT,2
流動,3
定位,2
Check,1
機倉,4
絕招,2
德昭,2
傳真,1
六十幾,1
坐位,1
風範,1
乖仔,1
空姐,1
ohayoo,1
鬧鐘,1
粗魯,1
斯文,1
字眼,1
測試,3
忍受,1
實際上,1
主觀,1
使用,1
roaming,1
遊覽,1
遍及,1
廣,1
制式,1
一帶,1
bung4,3
收線,1
句語,1
嚴肅,1
嚴厲,1
駕駛室,1
pek3pek3pek3,1
H股,13
兩三,1
新興,2
泛,2
資產,1
業務,1
上市,5
紅籌,10
藍籌,8
資產值,1
巨大,1
長江,1
恆生銀行,1
股,8
新鴻基地產,1
紅籌股,5
註冊,4
偏偏,1
利得稅,1
有份,2
集資,2
艱難,1
死𦧲難𦧲,2
黑錢,1
𦧲,3
交易場,1
大粒佬,1
中信泰富,2
恆生,1
紅籌成份股,1
成份股,1
恆生指數,2
升升,1
升升跌跌,1
活力先生,2
賓騰,2
馬主,3
賓,1
主席,4
錢君,1
榮,5
智建,2
懵gwing2,1
bung2gwing2,1
毅人,2
越秀投資,3
越秀,1
越秀投豬,1
幕後,2
市長,4
省長,1
仲有,1
銀建,1
北,1
北控,2
一千幾二千,1
合理,1
光大明輝,1
光大實業,1
光大,1
操縱,1
上海市,1
鎔基,4
十五大,1
閒,3
書記,1
仲係,3
委員,1
Are,1
Zhurongji,1
失控,5
抽獎,1
雙,3
盈利,1
二萬五一,1
落標價,1
二五萬五,1
開市,1
四萬八,1
股價,1
五十二,2
北京市,2
中南海,1
山高黃帝遠,1
澤民,1
控,2
集體,1
bung2,1
哺,1
財經,1
經濟日報,1
專欄,2
作家,1
本金,1
炒股票,3
三十幾萬,2
賭搏,1
阿叻,2
話齋,1
價位,2
重新,1
三四,1
trade,2
長線,1
肥貓,2
dan4dan3dan4dan3,3
type,1
public,1
utility,1
公共,1
運輸,1
晨,1
嘅.,1
九十九,2
碧慧,2
大瀑布,4
win,1
跑出,4
入Q,1
口口聲聲,1
服,1
dan1dan1dan1dan1,1
time's,1
時限,1
已,1
but1but1,1
廉政公署,1
助理,1
下午,1
十時,1
四十三分,1
一九九七年,1
二十二日,1
廉政行動,1
小芙蓉,4
兇手,1
小芙蟲,1
情人,1
淫賤,1
O,1
P,1
T,2
hard,1
Hard,2
byte,10
bit,10
之上,3
meg,1
suffix,1
Mbyte,1
Kbyte,1
gif,2
G,1
Ram,8
memory,1
Random,2
Access,2
Memory,2
ek1,1
sek4,1
si4,2
aa6,1
sek1,1
晌,1
aa6sek1si4,2
ek1sek4si4,1
mac,1
三十二,2
種類,2
原始,1
Sim,1
EDOM,2
SD,2
半導體,1
MB,1
CPU,1
入門,1
eu1eu1eu1eu1,2
台北,4
民意調查,1
震撼性,1
擔憂,2
人身安全,1
不滿,1
警方,1
治安,1
無力感,1
呢個,4
早前,1
白,5
冰冰,2
綁架,1
案,2
兇徒,1
揚,1
擔心,2
受害人,1
俊興,3
警署,1
閹,2
惡毒,1
地址,3
孽種,1
民情,1
鼎沸,8
人聲,1
頂心頂肺,1
沸點,2
沸,2
肺,1
健教,1
去邊,3
托賴,1
交通,1
公路,1
擲物,1
案件,1
火人,2
米,1
對比,2
新區,1
長大,1
暗角,1
上鎖,1
棟,1
lock,1
習慣性,1
可知,1
身份,2
保安,1
security,1
閃光燈,2
就住,1
炸彈案,1
smart,1
勝任,3
桀桀,1
卡卡,1
觸覺,2
主婦,2
打掃,1
整理,1
有機,1
祝,1
敏感,1
內裏,1
含意,1
pre-judge,1
後果,4
分析力,1
韓國人,1
中國人,2
不特止,2
偏幫,2
奧運,1
人格,1
Sara,2
Seokjon,2
歐洲人,1
group,2
interesting,1
背囊,2
樽,1
調味品,1
辣醬,1
辣膏,1
辣油,1
泡菜,2
醃,2
辛辣麵,2
熠,3
薯仔,6
牛油,7
好味道,3
西式,1
酸辣湯,3
醋,2
炒菜,1
蒸魚,1
Medium,1
rare,6
medium,7
done,1
外圍,2
脆,2
Done,1
肉色,1
某啲,1
牛扒,3
店,1
逢官降一級,1
blue,1
手神,1
牛肉乾,1
Sorry,1
準,1
準繩度,1
牛肉,11
溫度,2
牛柳,6
切,9
鐵板,3
瓊,2
鏡,1
配菜,2
薯蓉,5
椰菜,1
西蘭花,2
gravy,4
garlic,1
蒜蓉,4
噍,1
雪糕球,1
盆,3
份量,1
另外一個,1
芝士,2
適量,2
牛,3
細緻,2
強打,2
人一世,1
物一世,1
連鎖店,1
lobster,2
jaam5,1
龍蝦,2
草菇,1
mushroom,1
釀,4
整法,2
steak,1
粗糙,1
烚,1
鐵,1
蠟燭,1
風味,1
煎,1
鮮甜,1
食力,1
爐,1
火,1
溫,17
侍應,1
言語,1
隔膜,1
赤,2
賤格,1
茶餐廳,3
梳打粉,7
腍,2
口感,1
潺潺,1
頂唔順,1
韌力,1
死屍,1
彈力,1
有害,1
裏,1
菌,1
制,2
豉油西餐,2
星仔,3
咖喱,1
剗,1
全世界,1
街邊,1
炸,1
萬年油,1
泰臣,1
打拳,1
梳打,3
鎚,1
凹,2
威力,1
烹調,1
扼殺,2
原味,1
昇華,1
境界,1
秘技,1
針對,1
肉質,1
只溶喺口度,1
唔溶喺手度,1
Louise,2
鍋,2
book,3
漁村,3
集團,2
一四八,2
Jane,1
Candy,2
Wong,1
七宗罪,1
大家姐,2
Brad,1
Pitt,1
至得,1
感人,1
躭,1
恐佈,1
失望,1
箱,1
肢解,1
手手腳腳,1
阿浩,3
一級,1
謀殺,1
畫,1
檔期,1
星馳,1
獅哮記,2
笑片,1
古裝,2
時裝,1
搞搞震,1
噚晚,1
觀塘,1
十一點,1
趕頭趕命,1
喉嚨,1
Christy,2
明智,1
facial,2
神奇,1
灰水,1
Bonnie,1
夜校,1
全日,1
美容,2
弟婦,5
信差,3
六百五十,2
飯錢,1
八千六百五,1
吸塵,1
姑奶,1
廿四號,3
佢度,1
請飲,2
帖,1
懶,5
冇心機,1
sorry,1
廿七號,1
極度,1
八號,3
大姐,1
七十七,4
七十八,5
期望,1
計分,1
B加,2
知足,3
落力,1
成果,1
加油,1
操,5
Finance,2
精,1
西班牙文,1
南京,2
Lit,1
linguistic,1
流利,1
鄉音,1
口音,2
細路女,4
衣著,1
說服力,1
notes,1
蔡,1
顧影自憐,1
補祝,1
財,1
德仔,3
麥,1
潔怡,1
Angus,1
talkative,2
根,2
願,2
Holly,1
哈爾濱,1
他條,1
透,1
自由自在,1
急,1
識講嘢,1
呻,1
感受,2
society,1
president,1
感,1
leadership,1
課外,1
推卸,1
傳譯員,1
unsuccessful,2
Dip,1
一萬四千,1
中五,3
指定,1
個別,1
永泉,1
渺茫,3
份份,2
聽乞米,1
朝九晚五,1
五點四,1
吽,1
學能,3
lunch,1
Anna,1
通水,2
好工,1
關照,1
出頭天,1
鐵柱可以磨成針,1
Tiffany,3
term,1
break,1
公,1
Business,1
Environment,1
Stat,5
測,4
Information,2
theory,2
Practical,2
實用,1
Excel,1
Microsoft,1
word,1
六點零,1
practical,1
複,1
account,2
LCC,1
worksheet,1
four,1
Foundation,2
Foundat,1
Programme,1
UE,1
Newsweek,1
Cobuild,2
Tony,1
歌唱,1
合唱,2
家碧,3
Francis,2
子由,3
Stand,1
By,1
Me,1
合拍,1
Eva,2
總決賽,1
廿六號,1
秀月,1
廣才,1
鴨仔,1
慧琪,3
家城,2
UNO,2
IBM,1
九號,1
白車,1
港口,1
衛生署,1
自付,1
自費,1
凱凱,1
禮禮,2
玲玲,3
哼,3
表姐,2
凱婷,5
阿表姐,4
大頭蝦,1
理直氣壯,1
奉旨,1
Sailor,4
Moon,4
南灣,1
公園,1
座,1
靚車,1
柱,1
落雨,1
天色,1
暗,2
太陽,1
大三巴,3
議事亭,1
前地,1
燉蛋,1
凱悅,3
帝濠,2
黑沙灣,1
沙,1
早知,1
路環,1
小新,1
正面,1
側面,1
張張,1
